년주,주시작일,AH,AHz,수업주,연휴주
201601,2015-12-27,,,0,0
201602,2016-01-03,2.7541084285714286,-1.4491783142857142,0,0
201603,2016-01-10,2.1434204285714284,-1.5713159142857145,0,0
201604,2016-01-17,1.5058414285714286,-1.6988317142857141,0,0
201605,2016-01-24,2.117584142857143,-1.5764831714285714,0,0
201606,2016-01-31,1.6130128571428572,-1.6773974285714286,0,0
201607,2016-02-07,4.282858142857143,-1.1434283714285713,0,1
201608,2016-02-14,2.7161964285714286,-1.4567607142857142,0,0
201609,2016-02-21,2.3307697142857142,-1.5338460571428572,0,0
201610,2016-02-28,4.592847571428572,-1.0814304857142856,1,0
201611,2016-03-06,2.6146318571428573,-1.4770736285714285,1,0
201612,2016-03-13,4.296827857142857,-1.1406344285714287,1,0
201613,2016-03-20,4.231548857142857,-1.1536902285714286,1,0
201614,2016-03-27,4.511842428571429,-1.0976315142857143,1,0
201615,2016-04-03,6.624309571428571,-0.6751380857142857,1,0
201616,2016-04-10,6.986733142857142,-0.6026533714285716,1,0
201617,2016-04-17,7.391659142857143,-0.5216681714285715,1,0
201618,2016-04-24,5.583094285714286,-0.8833811428571428,1,0
201619,2016-05-01,9.042572714285715,-0.19148545714285703,1,0
201620,2016-05-08,8.627024571428572,-0.2745950857142855,1,0
201621,2016-05-15,7.832288571428571,-0.43354228571428577,1,0
201622,2016-05-22,10.566334571428571,0.1132669142857143,1,0
201623,2016-05-29,10.035245857142856,0.007049171428571199,1,0
201624,2016-06-05,12.76114,0.5522279999999998,1,0
201625,2016-06-12,14.250807142857143,0.8501614285714286,1,0
201626,2016-06-19,14.946476428571428,0.9892952857142856,1,0
201627,2016-06-26,15.160887714285716,1.0321775428571431,1,0
201628,2016-07-03,16.534014428571428,1.3068028857142857,1,0
201629,2016-07-10,16.923219857142858,1.3846439714285714,1,0
201630,2016-07-17,17.442932714285714,1.4885865428571428,1,0
201631,2016-07-24,20.220785714285714,2.044157142857143,0,0
201632,2016-07-31,19.497453857142858,1.8994907714285716,0,0
201633,2016-08-07,19.753153142857144,1.9506306285714288,0,0
201634,2016-08-14,19.06565128571429,1.8131302571428578,0,0
201635,2016-08-21,15.895034714285714,1.1790069428571428,1,0
201636,2016-08-28,13.068995571428571,0.6137991142857142,1,0
201637,2016-09-04,15.697628714285715,1.139525742857143,1,0
201638,2016-09-11,14.39652042857143,0.879304085714286,0,1
201639,2016-09-18,9.73178057142857,-0.05364388571428584,1,0
201640,2016-09-25,12.837351142857143,0.5674702285714286,1,0
201641,2016-10-02,11.611905857142858,0.32238117142857164,1,0
201642,2016-10-09,7.145359999999999,-0.5709280000000001,1,0
201643,2016-10-16,10.087643142857143,0.017528628571428582,1,0
201644,2016-10-23,7.626974142857143,-0.47460517142857145,1,0
201645,2016-10-30,5.049991428571429,-0.9900017142857142,1,0
201646,2016-11-06,5.304674428571429,-0.9390651142857142,1,0
201647,2016-11-13,6.136248,-0.7727504,1,0
201648,2016-11-20,2.8007530000000003,-1.4398494,1,0
201649,2016-11-27,3.4439775714285714,-1.3112044857142857,1,0
201650,2016-12-04,3.3709364285714285,-1.3258127142857143,1,0
201651,2016-12-11,2.381005857142857,-1.5237988285714286,1,0
201652,2016-12-18,4.813527,-1.0372946,1,0
201653,2016-12-25,2.723811714285714,-1.4552376571428571,0,0
201701,2017-01-01,4.037967714285714,-1.1924064571428572,0,0
201702,2017-01-08,2.156315857142857,-1.5687368285714285,0,0
201703,2017-01-15,2.1810807142857143,-1.563783857142857,0,0
201704,2017-01-22,1.7430147142857142,-1.6513970571428573,0,1
201705,2017-01-29,2.5859379999999996,-1.4828124,0,1
201706,2017-02-05,2.0928524285714287,-1.5814295142857142,0,0
201707,2017-02-12,2.7967322857142856,-1.440653542857143,0,0
201708,2017-02-19,2.898500142857143,-1.4202999714285713,0,0
201709,2017-02-26,3.3962512857142855,-1.3207497428571429,1,0
201710,2017-03-05,2.7644535714285716,-1.4471092857142858,1,0
201711,2017-03-12,3.3776578571428573,-1.3244684285714285,1,0
201712,2017-03-19,3.4114612857142856,-1.3177077428571429,1,0
201713,2017-03-26,4.971835714285715,-1.005632857142857,1,0
201714,2017-04-02,6.599170285714286,-0.6801659428571428,1,0
201715,2017-04-09,5.603353714285714,-0.8793292571428571,1,0
201716,2017-04-16,6.745241285714286,-0.6509517428571427,1,0
201717,2017-04-23,5.8475724285714294,-0.8304855142857142,1,0
201718,2017-04-30,7.727754714285715,-0.454449057142857,1,0
201719,2017-05-07,9.323128,-0.1353743999999999,1,0
201720,2017-05-14,8.045837428571428,-0.3908325142857144,1,0
201721,2017-05-21,9.152311,-0.16953780000000016,1,0
201722,2017-05-28,9.526707428571429,-0.09465851428571419,1,0
201723,2017-06-04,10.197647714285713,0.03952954285714263,1,0
201724,2017-06-11,11.022622,0.20452440000000002,1,0
201725,2017-06-18,12.313672428571428,0.46273448571428555,1,0
201726,2017-06-25,16.024753714285715,1.204950742857143,1,0
201727,2017-07-02,19.377197428571428,1.8754394857142855,1,0
201728,2017-07-09,20.090261285714288,2.0180522571428576,1,0
201729,2017-07-16,20.544553142857144,2.1089106285714285,1,0
201730,2017-07-23,19.188897714285712,1.8377795428571424,0,0
201731,2017-07-30,19.550757,1.9101514000000002,0,0
201732,2017-08-06,18.930483857142857,1.7860967714285714,0,0
201733,2017-08-13,17.149769,1.4299537999999998,0,0
201734,2017-08-20,18.20090342857143,1.6401806857142858,1,0
201735,2017-08-27,11.562109714285715,0.3124219428571429,1,0
201736,2017-09-03,13.672481000000001,0.7344962000000003,1,0
201737,2017-09-10,11.407444428571429,0.28148888571428576,1,0
201738,2017-09-17,11.569444,0.31388880000000013,1,0
201739,2017-09-24,11.138031714285715,0.22760634285714296,1,0
201740,2017-10-01,10.107562857142856,0.021512571428571194,0,1
201741,2017-10-08,9.955048571428572,-0.008990285714285663,1,0
201742,2017-10-15,7.417225142857142,-0.5165549714285715,1,0
201743,2017-10-22,6.988045285714286,-0.6023909428571429,1,0
201744,2017-10-29,6.076254999999999,-0.7847490000000003,1,0
201745,2017-11-05,5.22696,-0.954608,1,0
201746,2017-11-12,2.9496677142857144,-1.410066457142857,1,0
201747,2017-11-19,2.979065,-1.4041869999999999,1,0
201748,2017-11-26,3.076429142857143,-1.3847141714285713,1,0
201749,2017-12-03,2.8210212857142856,-1.4357957428571428,1,0
201750,2017-12-10,1.6637545714285713,-1.6672490857142859,1,0
201751,2017-12-17,3.1155514285714285,-1.3768897142857142,1,0
201752,2017-12-24,2.728195,-1.454361,0,0
201801,2017-12-31,1.83131,-1.633738,0,0
201802,2018-01-07,1.8018201428571428,-1.6396359714285715,0,0
201803,2018-01-14,3.4501862857142855,-1.309962742857143,0,0
201804,2018-01-21,1.1494094285714287,-1.770118114285714,0,0
201805,2018-01-28,1.6270105714285712,-1.6745978857142858,0,0
201806,2018-02-04,1.405228857142857,-1.7189542285714285,0,0
201807,2018-02-11,1.7702985714285713,-1.645940285714286,0,1
201808,2018-02-18,2.6650244285714284,-1.4669951142857145,0,0
201809,2018-02-25,2.9242804285714286,-1.4151439142857143,0,0
201810,2018-03-04,4.803768285714286,-1.0392463428571428,1,0
201811,2018-03-11,5.715793285714286,-0.8568413428571429,1,0
201812,2018-03-18,4.202023142857143,-1.1595953714285714,1,0
201813,2018-03-25,7.082590714285715,-0.583481857142857,1,0
201814,2018-04-01,7.619607285714286,-0.47607854285714274,1,0
201815,2018-04-08,4.8358997142857145,-1.0328200571428572,1,0
201816,2018-04-15,5.061302857142857,-0.9877394285714287,1,0
201817,2018-04-22,6.798107857142857,-0.6403784285714286,1,0
201818,2018-04-29,8.526036857142858,-0.2947926285714285,1,0
201819,2018-05-06,9.186116285714286,-0.16277674285714278,1,0
201820,2018-05-13,12.726472428571428,0.5452944857142856,1,0
201821,2018-05-20,8.047580428571427,-0.39048391428571455,1,0
201822,2018-05-27,10.589128571428573,0.1178257142857145,1,0
201823,2018-06-03,11.756497999999999,0.35129959999999977,1,0
201824,2018-06-10,12.062680714285715,0.4125361428571431,1,0
201825,2018-06-17,12.341138285714285,0.468227657142857,1,0
201826,2018-06-24,16.707033285714285,1.3414066571428571,1,0
201827,2018-07-01,16.49839485714286,1.299678971428572,1,0
201828,2018-07-08,17.77305642857143,1.554611285714286,1,0
201829,2018-07-15,18.07481328571429,1.6149626571428577,1,0
201830,2018-07-22,19.94677114285714,1.9893542285714283,0,0
201831,2018-07-29,18.726696142857143,1.7453392285714286,0,0
201832,2018-08-05,20.428262714285715,2.085652542857143,0,0
201833,2018-08-12,16.643704,1.3287407999999998,0,0
201834,2018-08-19,16.730374,1.3460748000000002,1,0
201835,2018-08-26,17.35651357142857,1.4713027142857142,1,0
201836,2018-09-02,13.425886571428572,0.6851773142857145,1,0
201837,2018-09-09,11.814698428571429,0.3629396857142858,1,0
201838,2018-09-16,13.009910857142858,0.6019821714285716,1,0
201839,2018-09-23,8.185407,-0.3629186000000001,0,1
201840,2018-09-30,9.457190571428571,-0.10856188571428582,1,0
201841,2018-10-07,6.101445428571429,-0.7797109142857142,1,0
201842,2018-10-14,6.819227285714286,-0.6361545428571429,1,0
201843,2018-10-21,6.566243428571428,-0.6867513142857143,1,0
201844,2018-10-28,4.9533445714285715,-1.0093310857142856,1,0
201845,2018-11-04,7.666397000000001,-0.4667205999999998,1,0
201846,2018-11-11,4.825719571428571,-1.0348560857142857,1,0
201847,2018-11-18,3.1644125714285716,-1.3671174857142856,1,0
201848,2018-11-25,3.6435287142857145,-1.271294257142857,1,0
201849,2018-12-02,3.6793465714285714,-1.2641306857142858,1,0
201850,2018-12-09,1.698491857142857,-1.6603016285714287,1,0
201851,2018-12-16,3.1956789999999997,-1.3608642,1,0
201852,2018-12-23,1.5220802857142857,-1.695583942857143,0,0
201901,2018-12-30,1.588982,-1.6822036,0,0
201902,2019-01-06,1.9956655714285714,-1.6008668857142858,0,0
201903,2019-01-13,2.670919571428571,-1.4658160857142857,0,0
201904,2019-01-20,2.080428285714286,-1.583914342857143,0,0
201905,2019-01-27,2.2524365714285715,-1.5495126857142858,0,0
201906,2019-02-03,2.476922428571428,-1.5046155142857143,0,1
201907,2019-02-10,1.7223568571428571,-1.6555286285714286,0,0
201908,2019-02-17,3.1952567142857142,-1.3609486571428573,0,0
201909,2019-02-24,3.0125369999999996,-1.3974926,0,0
201910,2019-03-03,3.8842992857142855,-1.223140142857143,1,0
201911,2019-03-10,3.6654761428571425,-1.2669047714285715,1,0
201912,2019-03-17,4.471552571428572,-1.1056894857142856,1,0
201913,2019-03-24,4.5589388571428575,-1.0882122285714284,1,0
201914,2019-03-31,3.3028725714285714,-1.3394254857142858,1,0
201915,2019-04-07,4.531205285714286,-1.0937589428571428,1,0
201916,2019-04-14,5.551298142857143,-0.8897403714285714,1,0
201917,2019-04-21,8.612875,-0.27742499999999987,1,0
201918,2019-04-28,5.981808714285714,-0.8036382571428572,1,0
201919,2019-05-05,5.736477428571428,-0.8527045142857144,1,0
201920,2019-05-12,8.305308571428572,-0.3389382857142856,1,0
201921,2019-05-19,9.73700057142857,-0.052599885714285935,1,0
201922,2019-05-26,8.929592428571429,-0.21408151428571429,1,0
201923,2019-06-02,11.343894,0.2687788000000001,1,0
201924,2019-06-09,11.010869714285715,0.2021739428571429,1,0
201925,2019-06-16,12.634843857142856,0.5269687714285712,1,0
201926,2019-06-23,12.994521714285714,0.5989043428571428,1,0
201927,2019-06-30,13.617211428571428,0.7234422857142857,1,0
201928,2019-07-07,12.764640714285715,0.552928142857143,1,0
201929,2019-07-14,17.159162142857145,1.431832428571429,1,0
201930,2019-07-21,20.62114285714286,2.124228571428572,0,0
201931,2019-07-28,20.844822571428573,2.1689645142857144,0,0
201932,2019-08-04,19.744362428571428,1.9488724857142856,0,0
201933,2019-08-11,19.46713557142857,1.8934271142857142,0,0
201934,2019-08-18,15.445226,1.0890452,1,0
201935,2019-08-25,15.353804285714286,1.0707608571428573,1,0
201936,2019-09-01,16.260446857142856,1.2520893714285712,1,0
201937,2019-09-08,16.000440142857144,1.2000880285714288,0,1
201938,2019-09-15,10.187428857142859,0.03748577142857172,1,0
201939,2019-09-22,11.059055571428571,0.2118111142857142,1,0
201940,2019-09-29,13.57595357142857,0.7151907142857141,1,0
201941,2019-10-06,8.28105,-0.34378999999999993,1,0
201942,2019-10-13,7.6944995714285715,-0.4611000857142857,1,0
201943,2019-10-20,8.130660857142857,-0.37386782857142864,1,0
201944,2019-10-27,7.076216571428572,-0.5847566857142856,1,0
201945,2019-11-03,5.367554857142857,-0.9264890285714286,1,0
201946,2019-11-10,5.460801285714285,-0.907839742857143,1,0
201947,2019-11-17,3.6994965714285715,-1.2601006857142856,1,0
201948,2019-11-24,3.7791622857142855,-1.2441675428571428,1,0
201949,2019-12-01,2.5511782857142857,-1.4897643428571428,1,0
201950,2019-12-08,3.7583941428571426,-1.2483211714285716,1,0
201951,2019-12-15,3.6584285714285714,-1.2683142857142857,1,0
201952,2019-12-22,3.3640377142857143,-1.327192457142857,0,0
202001,2019-12-29,2.8521815714285714,-1.4295636857142857,0,0
202002,2020-01-05,3.8639051428571425,-1.2272189714285715,0,0
202003,2020-01-12,2.1074515714285713,-1.5785096857142857,0,0
202004,2020-01-19,2.968069142857143,-1.4063861714285715,0,1
202005,2020-01-26,3.6299481428571427,-1.2740103714285715,0,1
202006,2020-02-02,1.918953,-1.6162094,0,0
202007,2020-02-09,4.603813714285714,-1.0792372571428572,0,0
202008,2020-02-16,3.3272035714285715,-1.3345592857142858,0,0
202009,2020-02-23,4.505280285714286,-1.0989439428571428,0,0
202010,2020-03-01,3.407682571428571,-1.3184634857142856,1,0
202011,2020-03-08,3.6741974285714285,-1.2651605142857143,1,0
202012,2020-03-15,4.150912571428571,-1.1698174857142858,1,0
202013,2020-03-22,4.132904428571429,-1.1734191142857142,1,0
202014,2020-03-29,3.6447967142857145,-1.2710406571428572,1,0
202015,2020-04-05,4.082752714285714,-1.183449457142857,1,0
202016,2020-04-12,5.9302081428571425,-0.8139583714285715,1,0
202017,2020-04-19,5.379389142857143,-0.9241221714285714,1,0
202018,2020-04-26,8.220120571428572,-0.3559758857142857,1,0
202019,2020-05-03,9.262584285714285,-0.1474831428571431,1,0
202020,2020-05-10,9.179637857142856,-0.16407242857142884,1,0
202021,2020-05-17,10.349405571428573,0.06988111428571457,1,0
202022,2020-05-24,11.205047857142857,0.24100957142857132,1,0
202023,2020-05-31,13.097318857142856,0.6194637714285711,1,0
202024,2020-06-07,14.659219857142858,0.9318439714285717,1,0
202025,2020-06-14,13.72462442857143,0.7449248857142858,1,0
202026,2020-06-21,15.345554142857143,1.0691108285714286,1,0
202027,2020-06-28,15.322699428571427,1.0645398857142854,1,0
202028,2020-07-05,16.12111657142857,1.2242233142857137,1,0
202029,2020-07-12,15.535575571428572,1.1071151142857143,1,0
202030,2020-07-19,17.23437142857143,1.4468742857142858,0,0
202031,2020-07-26,19.421288142857144,1.8842576285714288,0,0
202032,2020-08-02,21.25555242857143,2.2511104857142863,0,0
202033,2020-08-09,22.181086571428573,2.4362173142857144,0,0
202034,2020-08-16,20.498169285714287,2.0996338571428574,1,0
202035,2020-08-23,21.048018857142857,2.2096037714285712,1,0
202036,2020-08-30,17.71375757142857,1.542751514285714,1,0
202037,2020-09-06,15.044657857142857,1.0089315714285714,1,0
202038,2020-09-13,13.612135142857143,0.7224270285714287,1,0
202039,2020-09-20,10.077245571428572,0.015449114285714317,1,0
202040,2020-09-27,12.158781142857142,0.4317562285714285,0,1
202041,2020-10-04,7.6313949999999995,-0.4737210000000001,1,0
202042,2020-10-11,7.016509714285713,-0.5966980571428573,1,0
202043,2020-10-18,7.2298475714285715,-0.5540304857142857,1,0
202044,2020-10-25,6.476531142857143,-0.7046937714285715,1,0
202045,2020-11-01,6.219335285714286,-0.7561329428571428,1,0
202046,2020-11-08,5.210283857142857,-0.9579432285714287,1,0
202047,2020-11-15,8.181829714285714,-0.36363405714285724,1,0
202048,2020-11-22,3.933886428571429,-1.2132227142857144,1,0
202049,2020-11-29,2.665367142857143,-1.4669265714285715,1,0
202050,2020-12-06,3.780557857142857,-1.2438884285714287,1,0
202051,2020-12-13,1.800786,-1.6398427999999998,1,0
202052,2020-12-20,3.3178934285714283,-1.3364213142857142,1,0
202101,2020-12-27,2.809676714285714,-1.438064657142857,0,0
202102,2021-01-03,1.3144848571428571,-1.7371030285714286,0,0
202103,2021-01-10,2.827848857142857,-1.4344302285714285,0,0
202104,2021-01-17,3.3395268571428574,-1.3320946285714286,0,0
202105,2021-01-24,3.435310285714286,-1.3129379428571428,0,0
202106,2021-01-31,3.4721355714285713,-1.3055728857142856,0,0
202107,2021-02-07,3.7760821428571427,-1.2447835714285715,0,1
202108,2021-02-14,3.030514142857143,-1.3938971714285713,0,0
202109,2021-02-21,3.504211,-1.2991578000000001,0,0
202110,2021-02-28,4.9839531428571435,-1.0032093714285713,1,0
202111,2021-03-07,5.003241,-0.9993518,1,0
202112,2021-03-14,5.687589571428572,-0.8624820857142856,1,0
202113,2021-03-21,5.965655571428571,-0.8068688857142858,1,0
202114,2021-03-28,6.392825285714286,-0.7214349428571427,1,0
202115,2021-04-04,5.407550142857143,-0.9184899714285715,1,0
202116,2021-04-11,6.287572428571429,-0.7424855142857142,1,0
202117,2021-04-18,6.767406428571428,-0.6465187142857143,1,0
202118,2021-04-25,7.6837927142857145,-0.4632414571428571,1,0
202119,2021-05-02,7.643849285714286,-0.4712301428571427,1,0
202120,2021-05-09,9.96275842857143,-0.0074483142857140194,1,0
202121,2021-05-16,11.351802428571428,0.27036048571428567,1,0
202122,2021-05-23,10.306823,0.06136459999999992,1,0
202123,2021-05-30,12.546919142857144,0.5093838285714287,1,0
202124,2021-06-06,14.900319,0.9800637999999999,1,0
202125,2021-06-13,15.043884857142857,1.0087769714285713,1,0
202126,2021-06-20,14.636538857142856,0.9273077714285712,1,0
202127,2021-06-27,16.66685957142857,1.333371914285714,1,0
202128,2021-07-04,18.42901785714286,1.685803571428572,1,0
202129,2021-07-11,20.30444357142857,2.0608887142857144,1,0
202130,2021-07-18,19.579167714285713,1.9158335428571427,1,0
202131,2021-07-25,19.649999714285713,1.9299999428571426,0,0
202132,2021-08-01,19.857047285714284,1.9714094571428569,0,0
202133,2021-08-08,17.38313442857143,1.4766268857142861,0,0
202134,2021-08-15,15.856309857142858,1.1712619714285715,1,0
202135,2021-08-22,18.389311142857142,1.6778622285714284,1,0
202136,2021-08-29,15.245622714285714,1.0491245428571427,1,0
202137,2021-09-05,15.285190714285715,1.057038142857143,1,0
202138,2021-09-12,13.614604,0.7229208,1,0
202139,2021-09-19,13.690067571428571,0.7380135142857143,0,1
202140,2021-09-26,14.00873942857143,0.8017478857142859,1,0
202141,2021-10-03,15.21052,1.0421040000000001,1,0
202142,2021-10-10,10.872064428571429,0.1744128857142858,1,0
202143,2021-10-17,5.553056571428571,-0.8893886857142859,1,0
202144,2021-10-24,7.065831571428572,-0.5868336857142855,1,0
202145,2021-10-31,8.121310714285714,-0.3757378571428571,1,0
202146,2021-11-07,5.391580857142857,-0.9216838285714285,1,0
202147,2021-11-14,6.998312714285714,-0.6003374571428571,1,0
202148,2021-11-21,4.035967142857143,-1.1928065714285714,1,0
202149,2021-11-28,3.681087,-1.2637826,1,0
202150,2021-12-05,5.061646857142857,-0.9876706285714286,1,0
202151,2021-12-12,3.5471248571428573,-1.2905750285714286,1,0
202152,2021-12-19,3.276817142857143,-1.3446365714285715,1,0
202201,2021-12-26,1.9214184285714284,-1.6157163142857143,0,0
202202,2022-01-02,2.3201364285714283,-1.5359727142857142,0,0
202203,2022-01-09,2.1703982857142856,-1.5659203428571429,0,0
202204,2022-01-16,2.171833857142857,-1.5656332285714285,0,0
202205,2022-01-23,2.9716438571428574,-1.4056712285714286,0,0
202206,2022-01-30,2.217882,-1.5564236,0,1
202207,2022-02-06,2.7606061428571427,-1.4478787714285715,0,0
202208,2022-02-13,2.2567635714285714,-1.5486472857142857,0,0
202209,2022-02-20,2.664463571428571,-1.4671072857142857,0,0
202210,2022-02-27,3.912585285714286,-1.2174829428571428,1,0
202211,2022-03-06,4.695882571428571,-1.0608234857142858,1,0
202212,2022-03-13,6.4734051428571435,-0.7053189714285713,1,0
202213,2022-03-20,5.401198142857142,-0.9197603714285716,1,0
202214,2022-03-27,4.984232714285715,-1.003153457142857,1,0
202215,2022-04-03,5.0998779999999995,-0.9800244000000001,1,0
202216,2022-04-10,7.881291,-0.4237418,1,0
202217,2022-04-17,7.263305285714286,-0.5473389428571428,1,0
202218,2022-04-24,9.132748571428571,-0.17345028571428572,1,0
202219,2022-05-01,7.557958571428571,-0.48840828571428574,1,0
202220,2022-05-08,7.660833714285714,-0.4678332571428571,1,0
202221,2022-05-15,9.322084857142857,-0.1355830285714287,1,0
202222,2022-05-22,11.460063142857141,0.29201262857142823,1,0
202223,2022-05-29,11.783114714285714,0.3566229428571429,1,0
202224,2022-06-05,12.264621,0.4529242,1,0
202225,2022-06-12,13.958081428571429,0.7916162857142858,1,0
202226,2022-06-19,18.234445714285716,1.6468891428571433,1,0
202227,2022-06-26,20.862802,2.1725603999999996,1,0
202228,2022-07-03,21.213916428571427,2.2427832857142853,1,0
202229,2022-07-10,19.54691657142857,1.9093833142857144,1,0
202230,2022-07-17,19.00346842857143,1.8006936857142861,1,0
202231,2022-07-24,20.26770542857143,2.0535410857142855,0,0
202232,2022-07-31,22.944005857142855,2.588801171428571,0,0
202233,2022-08-07,21.019238714285713,2.2038477428571426,0,0
202234,2022-08-14,20.456996714285715,2.091399342857143,0,0
202235,2022-08-21,16.55253157142857,1.310506314285714,1,0
202236,2022-08-28,14.31299857142857,0.8625997142857141,1,0
202237,2022-09-04,14.065721857142858,0.8131443714285715,0,1
202238,2022-09-11,16.227506142857145,1.2455012285714289,0,1
202239,2022-09-18,11.935426571428573,0.3870853142857147,1,0
202240,2022-09-25,11.527189714285713,0.30543794285714265,1,0
202241,2022-10-02,11.765781571428573,0.3531563142857145,1,0
202242,2022-10-09,8.913000714285713,-0.2173998571428573,1,0
202243,2022-10-16,7.3360585714285715,-0.5327882857142857,1,0
202244,2022-10-23,7.151344285714286,-0.5697311428571428,1,0
202245,2022-10-30,6.153681,-0.7692638,1,0
202246,2022-11-06,7.955009285714286,-0.40899814285714287,1,0
202247,2022-11-13,6.708228428571429,-0.6583543142857142,1,0
202248,2022-11-20,6.2652721428571425,-0.7469455714285715,1,0
202249,2022-11-27,3.4258787142857146,-1.3148242571428572,1,0
202250,2022-12-04,2.956638714285714,-1.4086722571428572,1,0
202251,2022-12-11,2.540828142857143,-1.4918343714285716,1,0
202252,2022-12-18,1.9033082857142856,-1.619338342857143,1,0
202253,2022-12-25,2.5360495714285713,-1.4927900857142857,0,0
202301,2023-01-01,2.6589395714285717,-1.4682120857142855,0,0
202302,2023-01-08,4.685824571428571,-1.0628350857142856,0,0
202303,2023-01-15,2.7087,-1.45826,0,1
202304,2023-01-22,1.9594945714285714,-1.6081010857142857,0,1
202305,2023-01-29,2.7169715714285716,-1.4566056857142857,0,0
202306,2023-02-05,4.081147571428572,-1.1837704857142857,0,0
202307,2023-02-12,3.8712654285714287,-1.2257469142857143,0,0
202308,2023-02-19,2.8330349999999997,-1.4333930000000001,0,0
202309,2023-02-26,3.6778322857142856,-1.264433542857143,1,0
202310,2023-03-05,6.290309428571429,-0.7419381142857142,1,0
202311,2023-03-12,3.698395142857143,-1.2603209714285715,1,0
202312,2023-03-19,5.412201142857143,-0.9175597714285715,1,0
202313,2023-03-26,4.713669857142857,-1.0572660285714286,1,0
202314,2023-04-02,6.325156142857144,-0.7349687714285713,1,0
202315,2023-04-09,6.631309142857143,-0.6737381714285714,1,0
202316,2023-04-16,8.121015714285715,-0.37579685714285704,1,0
202317,2023-04-23,6.980853000000001,-0.6038293999999998,1,0
202318,2023-04-30,9.487912285714286,-0.10241754285714286,1,0
202319,2023-05-07,7.878433571428571,-0.4243132857142857,1,0
202320,2023-05-14,11.634623142857142,0.3269246285714285,1,0
202321,2023-05-21,10.45649857142857,0.09129971428571401,1,0
202322,2023-05-28,14.263591285714286,0.8527182571428572,1,0
202323,2023-06-04,13.346033142857141,0.6692066285714283,1,0
202324,2023-06-11,13.867946571428572,0.7735893142857144,1,0
202325,2023-06-18,15.946432142857143,1.1892864285714286,1,0
202326,2023-06-25,19.444385,1.8888770000000001,1,0
202327,2023-07-02,19.078695,1.815739,1,0
202328,2023-07-09,20.68856,2.1377119999999996,1,0
202329,2023-07-16,20.215752428571427,2.0431504857142855,1,0
202330,2023-07-23,21.424871285714286,2.2849742571428573,0,0
202331,2023-07-30,20.746595714285714,2.1493191428571428,0,0
202332,2023-08-06,19.793221428571428,1.9586442857142856,0,0
202333,2023-08-13,19.972538142857143,1.9945076285714287,0,0
202334,2023-08-20,19.917021000000002,1.9834042000000003,1,0
202335,2023-08-27,17.215961285714286,1.4431922571428573,1,0
202336,2023-09-03,17.100964,1.4201928000000001,1,0
202337,2023-09-10,16.521312,1.3042624000000003,1,0
202338,2023-09-17,15.361828142857144,1.0723656285714287,1,0
202339,2023-09-24,13.838459285714285,0.7676918571428569,0,1
202340,2023-10-01,8.641100714285715,-0.271779857142857,1,0
202341,2023-10-08,9.782031428571429,-0.043593714285714215,1,0
202342,2023-10-15,7.959400857142858,-0.4081198285714285,1,0
202343,2023-10-22,9.60087357142857,-0.07982528571428596,1,0
202344,2023-10-29,11.282523142857142,0.2565046285714285,1,0
202345,2023-11-05,6.4378465714285715,-0.7124306857142857,1,0
202346,2023-11-12,4.063531428571428,-1.1872937142857143,1,0
202347,2023-11-19,4.418271428571429,-1.1163457142857143,1,0
202348,2023-11-26,3.113937142857143,-1.3772125714285715,1,0
202349,2023-12-03,5.456200142857143,-0.9087599714285715,1,0
202350,2023-12-10,5.856215142857143,-0.8287569714285714,1,0
202351,2023-12-17,1.5021384285714283,-1.6995723142857144,1,0
202352,2023-12-24,3.8568138571428574,-1.2286372285714287,0,0
202401,2023-12-31,4.507233857142857,-1.0985532285714286,0,0
202402,2024-01-07,3.0898114285714287,-1.3820377142857143,0,0
202403,2024-01-14,3.657076,-1.2685848,0,0
202404,2024-01-21,2.2779754285714287,-1.5444049142857144,0,0
202405,2024-01-28,3.501665,-1.299667,0,0
202406,2024-02-04,4.070212857142857,-1.1859574285714287,0,1
202407,2024-02-11,5.262699285714286,-0.9474601428571429,0,1
202408,2024-02-18,5.273134714285715,-0.945373057142857,0,0
202409,2024-02-25,3.624971,-1.2750058,0,0
202410,2024-03-03,3.6224561428571427,-1.2755087714285716,1,0
202411,2024-03-10,4.947566571428571,-1.0104866857142858,1,0
202412,2024-03-17,4.309558285714286,-1.1380883428571429,1,0
202413,2024-03-24,6.188683571428571,-0.7622632857142857,1,0
202414,2024-03-31,5.5117077142857145,-0.8976584571428571,1,0
202415,2024-04-07,6.802173000000001,-0.6395653999999998,1,0
202416,2024-04-14,8.904883571428572,-0.21902328571428561,1,0
202417,2024-04-21,8.871765142857143,-0.22564697142857143,1,0
202418,2024-04-28,8.472363,-0.30552740000000006,1,0
202419,2024-05-05,9.910940857142858,-0.01781182857142838,1,0
202420,2024-05-12,8.759881142857143,-0.2480237714285714,1,0
202421,2024-05-19,12.309593714285715,0.4619187428571429,1,0
202422,2024-05-26,10.339696,0.0679392,1,0
202423,2024-06-02,10.774413571428571,0.15488271428571423,1,0
202424,2024-06-09,14.279882285714285,0.855976457142857,1,0
202425,2024-06-16,14.032833285714286,0.8065666571428572,1,0
202426,2024-06-23,14.885652714285714,0.9771305428571427,1,0
202427,2024-06-30,18.264794142857145,1.652958828571429,1,0
202428,2024-07-07,19.244217428571428,1.8488434857142857,1,0
202429,2024-07-14,20.047842142857146,2.0095684285714293,1,0
202430,2024-07-21,22.544491571428573,2.5088983142857146,0,0
202431,2024-07-28,22.454836857142855,2.490967371428571,0,0
202432,2024-08-04,21.99129242857143,2.398258485714286,0,0
202433,2024-08-11,21.78958714285714,2.357917428571428,0,0
202434,2024-08-18,21.870507,2.3741014,1,0
202435,2024-08-25,18.395112428571426,1.6790224857142853,1,0
202436,2024-09-01,16.817203142857142,1.3634406285714284,1,0
202437,2024-09-08,20.412565142857144,2.082513028571429,1,0
202438,2024-09-15,19.838216,1.9676432,0,1
202439,2024-09-22,12.86125742857143,0.5722514857142859,1,0
202440,2024-09-29,9.830804714285714,-0.033839057142857246,1,0
202441,2024-10-06,10.38624557142857,0.07724911428571417,1,0
202442,2024-10-13,11.821423285714285,0.36428465714285707,1,0
202443,2024-10-20,8.72698357142857,-0.2546032857142858,1,0
202444,2024-10-27,9.455421285714285,-0.10891574285714292,1,0
202445,2024-11-03,5.943473428571429,-0.8113053142857142,1,0
202446,2024-11-10,8.617687285714286,-0.2764625428571428,1,0
202447,2024-11-17,3.943069571428571,-1.2113860857142857,1,0
202448,2024-11-24,4.739896142857142,-1.0520207714285716,1,0
202449,2024-12-01,3.9012791428571427,-1.2197441714285715,1,0
202450,2024-12-08,2.6229917142857144,-1.4754016571428572,1,0
202451,2024-12-15,2.705273714285714,-1.4589452571428572,1,0
202452,2024-12-22,2.5392645714285713,-1.4921470857142858,0,0
202501,2024-12-29,2.9929721428571425,-1.4014055714285714,0,0
202502,2025-01-05,2.418694285714286,-1.5162611428571426,0,0
202503,2025-01-12,2.904728857142857,-1.4190542285714287,0,0
202504,2025-01-19,3.8569201428571427,-1.2286159714285714,0,0
202505,2025-01-26,3.0783928571428567,-1.3843214285714285,0,1
202506,2025-02-02,1.8677564285714285,-1.6264487142857142,0,0
202507,2025-02-09,3.3145225714285713,-1.3370954857142858,0,0
202508,2025-02-16,2.2539372857142856,-1.5492125428571428,0,0
202509,2025-02-23,3.325278142857143,-1.3349443714285714,0,0
202510,2025-03-02,4.105695571428571,-1.1788608857142857,1,0
202511,2025-03-09,4.862659571428572,-1.0274680857142857,1,0
202512,2025-03-16,4.407087,-1.1185826,1,0
202513,2025-03-23,5.744514857142858,-0.8510970285714284,1,0
202514,2025-03-30,4.984649285714285,-1.003070142857143,1,0
202515,2025-04-06,6.661220428571428,-0.6677559142857143,1,0
202516,2025-04-13,8.139023714285715,-0.372195257142857,1,0
202517,2025-04-20,8.709826,-0.25803480000000006,1,0
202518,2025-04-27,6.507709714285714,-0.6984580571428571,1,0
202519,2025-05-04,8.259320285714285,-0.348135942857143,1,0
202520,2025-05-11,11.274069714285714,0.2548139428571428,1,0
202521,2025-05-18,12.126604,0.42532080000000005,1,0
202522,2025-05-25,10.357429428571427,0.07148588571428541,1,0
202523,2025-06-01,10.767795285714286,0.1535590571428571,1,0
202524,2025-06-08,13.733571571428572,0.7467143142857143,1,0
202525,2025-06-15,17.216577714285712,1.4433155428571425,1,0
202526,2025-06-22,16.625734,1.3251468000000002,1,0
202527,2025-06-29,20.694140142857144,2.138828028571429,1,0
202528,2025-07-06,18.917111857142856,1.7834223714285713,1,0
202529,2025-07-13,18.876675714285714,1.7753351428571427,1,0
202530,2025-07-20,21.069770428571427,2.2139540857142856,0,0
202531,2025-07-27,21.27786157142857,2.255572314285714,0,0
202532,2025-08-03,19.93323714285714,1.9866474285714282,0,0
202533,2025-08-10,20.03363942857143,2.006727885714286,0,0
202534,2025-08-17,21.449457857142857,2.2898915714285715,1,0
202535,2025-08-24,21.488940142857142,2.2977880285714285,1,0
202536,2025-08-31,19.795329857142857,1.9590659714285714,1,0
202537,2025-09-07,15.587875714285714,1.1175751428571428,1,0
202538,2025-09-14,16.19857557142857,1.2397151142857141,1,0
202539,2025-09-21,13.714836428571429,0.7429672857142858,1,0
202540,2025-09-28,14.049509,0.8099018000000001,1,0
202541,2025-10-05,14.576234428571427,0.9152468857142854,0,1
202542,2025-10-12,12.770958285714286,0.5541916571428572,1,0
202543,2025-10-19,7.927309571428571,-0.41453808571428574,1,0
202544,2025-10-26,6.784898285714285,-0.6430203428571429,1,0
202545,2025-11-02,6.450563142857143,-0.7098873714285714,1,0
202546,2025-11-09,5.4351962857142855,-0.9129607428571429,1,0
202547,2025-11-16,4.1617872857142855,-1.1676425428571429,1,0
202548,2025-11-23,5.536767571428571,-0.8926464857142857,1,0
202549,2025-11-30,3.361405428571428,-1.3277189142857142,1,0
202550,2025-12-07,4.266974,-1.1466052,1,0
202551,2025-12-14,4.511898,-1.0976203999999998,1,0
202552,2025-12-21,2.5562881428571425,-1.4887423714285715,0,0
202601,2025-12-28,2.5159065714285718,-1.4968186857142858,0,0
202602,2026-01-04,2.540570857142857,-1.4918858285714287,0,0
202603,2026-01-11,2.9698442857142857,-1.4060311428571428,0,0
202604,2026-01-18,1.7009194285714284,-1.6598161142857144,0,0
202605,2026-01-25,1.4959779999999998,-1.7008044000000002,0,0
202606,2026-02-01,2.559187142857143,-1.4881625714285716,0,0
202607,2026-02-08,3.9755525714285715,-1.2048894857142858,0,0
202608,2026-02-15,3.442099857142857,-1.3115800285714285,0,1
202609,2026-02-22,3.5421427142857143,-1.2915714571428571,0,0
202610,2026-03-01,4.4217707142857146,-1.1156458571428571,1,0
202611,2026-03-08,3.602844,-1.2794311999999999,1,0
202612,2026-03-15,4.4250997142857145,-1.1149800571428572,1,0
202613,2026-03-22,5.52715,-0.8945700000000001,1,0
202614,2026-03-29,6.392825285714286,-0.7214349428571427,1,0
202615,2026-04-05,6.3110931428571435,-0.7377813714285713,1,0
202616,2026-04-12,6.959630857142857,-0.6080738285714287,1,0
202617,2026-04-19,5.980100857142857,-0.8039798285714286,1,0
202618,2026-04-26,6.789027142857143,-0.6421945714285714,1,0
202619,2026-05-03,7.304004285714286,-0.5391991428571428,1,0
202620,2026-05-10,10.389268714285715,0.0778537428571429,1,0
202621,2026-05-17,10.035961,0.00719220000000007,1,0
202622,2026-05-24,13.713613285714287,0.7427226571428573,1,0
202623,2026-05-31,11.804356285714286,0.3608712571428573,1,0
202624,2026-06-07,11.353535857142857,0.2707071714285714,1,0
202625,2026-06-14,14.539458285714286,0.9078916571428571,1,0
202626,2026-06-21,13.721547857142857,0.7443095714285715,1,0
202627,2026-06-28,16.063835,1.2127670000000002,1,0
202628,2026-07-05,19.988398571428572,1.9976797142857143,1,0
202629,2026-07-12,20.07485685714286,2.0149713714285715,1,0
202630,2026-07-19,20.82182657142857,2.164365314285714,0,0
202631,2026-07-26,21.65557085714286,2.3311141714285717,0,0
202632,2026-08-02,21.539576142857147,2.3079152285714293,0,0
202633,2026-08-09,16.239509714285713,1.2479019428571427,0,0
202634,2026-08-16,19.392876,1.8785752000000002,1,0
202635,2026-08-23,19.97623814285714,1.9952476285714282,1,0
202636,2026-08-30,16.483697714285714,1.2967395428571429,1,0
202637,2026-09-06,11.017710571428571,0.20354211428571425,1,0
202638,2026-09-13,10.886224285714286,0.17724485714285726,1,0
202639,2026-09-20,12.532911,0.5065822000000001,0,1
202640,2026-09-27,,,1,0
202641,2026-10-04,,,1,0
202642,2026-10-11,,,1,0
202643,2026-10-18,,,1,0
202644,2026-10-25,,,1,0
202645,2026-11-01,,,1,0
202646,2026-11-08,,,1,0
202647,2026-11-15,,,1,0
202648,2026-11-22,,,1,0
202649,2026-11-29,,,1,0
202650,2026-12-06,,,1,0
202651,2026-12-13,,,1,0
202652,2026-12-20,,,1,0
202653,2026-12-27,,,0,0
202701,2027-01-03,,,0,0
202702,2027-01-10,,,0,0
202703,2027-01-17,,,0,0
202704,2027-01-24,,,0,0
202705,2027-01-31,,,0,1
202706,2027-02-07,,,0,1
202707,2027-02-14,,,0,0
202708,2027-02-21,,,0,0
202709,2027-02-28,,,1,0
202710,2027-03-07,,,1,0
202711,2027-03-14,,,1,0
202712,2027-03-21,,,1,0
202713,2027-03-28,,,1,0
202714,2027-04-04,,,1,0
202715,2027-04-11,,,1,0
202716,2027-04-18,,,1,0
202717,2027-04-25,,,1,0
202718,2027-05-02,,,1,0
202719,2027-05-09,,,1,0
202720,2027-05-16,,,1,0
202721,2027-05-23,,,1,0
202722,2027-05-30,,,1,0
202723,2027-06-06,,,1,0
202724,2027-06-13,,,1,0
202725,2027-06-20,,,1,0
202726,2027-06-27,,,1,0
202727,2027-07-04,,,1,0
202728,2027-07-11,,,1,0
202729,2027-07-18,,,1,0
202730,2027-07-25,,,0,0
202731,2027-08-01,,,0,0
202732,2027-08-08,,,0,0
202733,2027-08-15,,,1,0
202734,2027-08-22,,,1,0
202735,2027-08-29,,,1,0
202736,2027-09-05,,,1,0
202737,2027-09-12,,,0,1
202738,2027-09-19,,,1,0
202739,2027-09-26,,,1,0
202740,2027-10-03,,,1,0
202741,2027-10-10,,,1,0
202742,2027-10-17,,,1,0
202743,2027-10-24,,,1,0
202744,2027-10-31,,,1,0
202745,2027-11-07,,,1,0
202746,2027-11-14,,,1,0
202747,2027-11-21,,,1,0
202748,2027-11-28,,,1,0
202749,2027-12-05,,,1,0
202750,2027-12-12,,,1,0
202751,2027-12-19,,,1,0
